Fusion,Gen1,Bruchpunkt Gen 1,Region Gen 1,Gen 2,Bruchpunkt Gen 2,Region Gen 2,Sequenz,Subgruppe
TCF3::PBX1,TCF3,19:1619111,Exon 16,PBX1,1:164792493,Exon 3,GGGCCTCGCAGGCAGCACCAGCCTCATGCACAACCACGCGGCCCTCCCCAGCCAGCCAGGCACCCTCCCTGACCTGTCTCGGCCTCCCGACTCCTACAGT*GTTTTGAGTATCCGAGGAGCCCAGGAGGAGGAACCCACAGACCCCCAGCTGATGCGGCTGGACAACATGCTGTTAGCGGAAGGCGTGGCGGGGCCTGAGAAGGGCGGAGGGTCGGCGGCAGCGGCGGCAGCGGCGGCGGCTTCTGGAGGGGCAGGTTCAGACA,TCF3::PBX1
TCF3::PBX1,TCF3,19:1619111,Exon 16,PBX1,1:164792494,Exon 3,CCAGCCAGGCACCCTCCCTGACCTGTCTCGGCCTCCCGACTCCTACAGTG*TTTTGAGTATCCGAGGAGCCCAGGAGGAGGAACCCACAGACCCCCAGCTG,TCF3::PBX1
UBTF::ATXN7L3,UBTF,17:44209352,Exon 17,ATXN7L3,17:44198130,Exon 2,GCAGCAAAAGCAGTACAAGGTGCACCTGGACCTCTGGGTTAAG*CCGTGTTGCCGCCCGCTGTGCTATGAGCAGTCAGAGCGCCGTC,CDX2/UBTF
ETV6::RUNX1,ETV6,12:11869969,Exon 5,RUNX1,21:34892963,Exon 3,TCCCCGCCTGAAGAGCACGCCATGCCCATTGGGAGAATAGCAG*AATGCATACTTGGAATGAATCCTTCTAGAGACGTCCACGATGC,ETV6::RUNX1
RUNX1::ETV6,RUNX1,21:35048842,Exon 2,ETV6,12:11884445,Exon 6,ATATTTGAGTCATTTCCTTCGTACCCACAGTGCTTCATGAGAG*ACTGTAGACTGCTTTGGGATTACGTCTATCAGTTGCTTTCTGA,ETV6::RUNX1
TCF3::HLF,TCF3,19:1619317,Exon 15,HLF,17:1646297,Exon 4,GCGGGGCGCTGGCCTCAGGTTTCACCGGCCCCATGTCACTGGGCGGGCGGCACGCAGGCCT*GGATGACAAGTACTGGGCAAGGCGCAGAAAGAACAACATGGCAGCCAAGCGCTCCCGCGACGCCCGGAGGCTGAAAGAGAACCAGATCGCCATCCGGGCCTCGTTCCTGGAGAAGGAA,HLF
TCF3::HLF,TCF3,19:1619781,Exon 14,HLF,17:55320663,Exon 4,TCGTCACAGTGGCCTCGAGCAGGAGCCCCCGGTGCCTTATCGCCCAGCTACGACGGGGGTCTCCACGGCCT*GGATGACAAGTACTGGGCAAGGCGCAGAAAGAACAACATGGCAGCCAAGCGCTCCCGCGACGCCCGGAGGCTGAAAA,HLF
TCF3::HLF,TCF3,19:1619780,Exon 14,HLF,17:55320664,Exon 4,GAGCCCCCGGTGCCTTATCGCCCAGCTACGACGGGGGTCTCCACGGCCTG*GATGACAAGTACTGGGCAAGGCGCAGAAAGAACAACATGGCAGCCAAGCG,HLF
KMT2A::AFF1,AFF1,4:87084120,Exon 5,KMT2A,11:118484314,Exon 9,AGCCAAGCTCACCAAACTGAAGATGCCTTCTCAGTCAGTTGAG*TTTGTGTATTGCCAAGTCTGTTGTGAGCCCTTCCACAAGTTTT,KMT2A
AFF1::KMT2A,AFF1,4:87047594,Exon 4,KMT2A,11:118484183,Exon 9,AGCCAAGCTCACCAAACTGAAGATGCCTTCTCAGTCAGTTGAG*GAAAAACCACCTCCGGTCAATAAGCAGGAGAATGCAGGCACTT,KMT2A
KMT2A::AFF1,KMT2A,11:118482092,Exon 7,AFF1,4:87094915,Exon 8,CCTAGTGAGCCCAAGAAAAAGCAGCCTCCACCACCAGAATCAG*AACAATATGATACATCTTCAAAAACTCACTCAAATTCTCAGCA,KMT2A
KMT2A::AFF1,KMT2A,11:118482495,Exon 8,AFF1,4:87084120,Exon 5,TCCCCGCCCAAGTATCCCTGTAAAACAAAAACCAAAAGAAAAG*CAGACCTACTCCAATGAAGTCCATTGTGTTGAAGAGATTCTGA,KMT2A
AFF1::KMT2A,AFF1,4:86948571,Exon 2,KMT2A,11:118519618,Exon 32,AAACAATGGCATTTACAGAAAGAGTCAACAGCAGTGGCAACAG*GTGTTAACGGTTTGAGGATGCTGGGGATTCTCCATGATGCAGT,KMT2A
KMT2A::AFF1,KMT2A,11:118484314,Exon 9,AFF1,4:87084123,Exon 5,AATTCCAGCAGATGGAGTCCACAGGATCAGAGTGGACTTTAAG*ACCTACTCCAATGAAGTCCATTGTGTTGAAGAGATTCTGAAGG,KMT2A
PAX5::FOXP1,PAX5,9:36966549,Exon 6,FOXP1,3:71112637,Exon 7,CTCAGACATCTTCACCACCACAGAGCCCATCAAGCCCGAGCAG*GCACTTCAGGTGGCAAGACAGCTCCTTCTTCAGCAGCAACAGC,PAX5alt
PAX5::FOXP1,PAX5,9:36966549,Exon 6,FOXP1,3:71053773,Exon 8,CTCAGACATCTTCACCACCACAGAGCCCATCAAGCCCGAGCAG*GTTCCCGTGTCAGTGGCTATGATGACACCTCAAGTTATCACTC,PAX5alt
IGH::CRLF2,IGH@,14:105864248,IGHJ,CRLF2, X:1213558,intergenic upstream CRLF2,TGCCGCTGTTGCCTCAGGGCATCCTCCTGAGCCCCCCAGGCTGCTCCGGGGCTCTCTTGGCAGGAGACCCAGCACCCTTATTTCCCCCCAAAAATGCAGCAAAACCCTTCAGAGTTAAAGCAGGAGAGAGGTTGTGAGGACTCACCTGAGGAGACGGTGACCAGGGTTCCCTGGCCCCA*GTACCGCTTGATCTATCCATCTATGCATGCATCCATCCACCCATCCACCTATGTATCTGTTCATCCATTTATCCATCCATCCACCCACCTATCCACACATCCTTTG,BCR::ABL1-like
IGH::CRLF2,IGH@,14:105863251,IGHJ,CRLF2,X:1214860,intergenic upstream CRLF2,TTTCCAGGAGAAAGTGATGGAGTCGGGAAGGAAGTCCTGTGCGAGGCAGCCAACGGCCACGCTGCTCGTATCCGACGGGGAATTCTCACAGGAGACGAGGGGGAAAAGGGTTGGGGCGGATGCACTCCCTGAGGAGACGGTGACCGTGGTCCCTTGGCCCCAGACGTCCATACCGTAGTAGT*CCCGGTCCTCTACAGTCTTAAACTGGGGCCCCATCTACCCAGCATATGCGACCATCACAGTGTTTGTGGTGTTACGAGGAGAAGGCCTACAAGCTTGAGTCCCTTGGTCTGGGAAGCTGC,BCR::ABL1-like
IGH::CRLF2,IGH@,14:105863250,IGHJ,CRLF2,X:1228806,intergenic upstream CRLF2,TTGCTCGTATCCGACGGGGAATTCTCACAGGAGACGAGGGGGAAAAGGGTTGGGGCGGATGCACTCCCTGAGGAGACGGTGACCGTGGTCCCTTTGCCCCAGACGTCCATGTAGTGCTAG*GGTCTCAAAAAAAAGAACTCTAATGTGAACTGTTATTGACTATTCTGTTCATAATATAT,BCR::ABL1-like
KMT2A::MLLT1,KMT2A,11:118482495,Exon 8,MLLT1,19:6270759,Exon 2,TCCCCGCCCAAGTATCCCTGTAAAACAAAAACCAAAAGAAAAG*TGCACCGTCCAGGTGAGGTTAGAGCTGGGGCATCGCGCCCAAC,KMT2A
P2RY8::CRLF2,P2RY8,X:1536921,Exon 1,CRLF2,X:1212636,Exon 1,GGAGACCCTCTGAGCTCTCACCTGCTACTTCTGCCGCTGCTTCTGCACAG*GCATGGGGCGGCTGGTTCTGCTGTGGGGAGCTGCCGTCTTTCTGCTGGGA,BCR::ABL1-like
IGH::CRLF2,IGH@,14:105863257,IGHJ,CRLF2,X:1218832,intergenic upstream CRLF2,TGTTGGGGCGGATGCACTCCCTGAGGAGACGGTGACCGTGGTCCCTTGGCCCCAGACGTCCATACCGTAGTAGTACGTCT*TATCTATCGCTCTATGTAGCTATGTATGTATCTATCTATCGCTCTATGTAGCTATGTATCTGTCTATATATCTAC,BCR::ABL1-like
EBF1::PDGFRB,EBF1,5:158707979,Exon 15,PDGFRB,5:150126614,Exon 11,CCACCTCCCACCTGCACCAGCACCAACGGGAACAGCCTGCAAG*CCTTGCCCTTTAAGGTGGTGGTGATCTCAGCCATCCTGGCCCT,BCR::ABL1-like
IGH::CRLF2,IGH@,14:105863856,IGHJ,CRLF2,X:1213558,intergenic upstream CRLF2,TGGGTGGTGAGGACTCACCTGAGGAGACGGTGACCAGGGTTCCCTGGCCCCAGGGGTCGAA*TACTATCCATCTATGCATGCATCCATCCACCCATCCACCTATGTATCTGTTCATCCATTTATCCATCC,BCR::ABL1-like
EPOR::IGH,EPOR,19:11378251,Exon 8,IGH@,14:106359792,IGHV,TCCCCGGAACCCGCCCAGTGAGGACCTCCCAGGGCCTGGTGGCAGTGTGGACATAGTGGCCATGGATGAAGGCTCAGAAGCATCCTCCTGCTCATCTGCTTTGGCCTCGAAGCCCAGCCCAGAGGGAGCCTCT*CTAACTTGGGCTCTCGCACAGTAATACACAGCCGTGTCCTCGGCTCTCAGGCTGTTCATTTGCAGATACAGCGTGTTCTTGGAATTGTCTCTGGAA,BCR::ABL1-like
IGH::EPOR,IGH@,14:105891716,IGHJ,EPOR,19:11386644,intergenic upstream EPOR,TGGGTGCTGCTGATGTCAGAGTTGTTCTTGTATTTCCAGGAGGAAGTGATGGAGTCGGGAAGGAAGTCCTGTGCGAGGCAGCCAACGGCCACGCTGCTCGTATCCGACGGGGAATTCTCACAGGAGACGAGGGGGAAAAGGGTTGGGGCGGATGCACTCCCTGAGGAGACGGTGACCAGGGTTCCCTGGAAGCTATGGGGCCCGGGGTTACCAGCCACTGCTCCA*ATTTATCGGCTTGAATCCAGGAGGCGAAGGCTGCAGTGAGCCAAGATTGTGCCATTGCACTCCAACATGGGCAACAGAGCAAGACG,BCR::ABL1-like
EBF1::PDGFRB,EBF1,5:158712154,Exon 14,PDGFRB,5:150126614,Exon 11,CCCACCTTCCTCAACGGCTCAGCTGCCAACTCCCCCTATGCCA*CCTTGCCCTTTAAGGTGGTGGTGATCTCAGCCATCCTGGCCCT,BCR::ABL1-like
PAX5::JAK2,PAX5,9:37002648,Exon 5,JAK2,9:5081725,Exon 19,ACGTCCCCCAGCGCCGACACCAACAAGCGCAAGAGAGACGAAG*ATTATGAACTATTAACAGAAAATGACATGTTACCAAATATGAG,BCR::ABL1-like
ABL1::SNX2,ABL1,9:130855096,Exon 3,SNX2,5:122801869,Exon 4,GAGGGTGTACCATTACAGGATCAACACTGCTTCTGATGGCAAG*ATTGAAGAAGAAGCAAATGGAGACATTTTTGACATAGAAATTG,BCR::ABL1-like
SNX2::ABL1,SNX2,5:122799855,Exon 3,ABL1,9:130862763,Exon 4,GAGTATGTCTGCTCCCGTGATCTTTGATAGATCCAGGGAAGAG*CTCTACGTCTCCTCCGAGAGCCGCTTCAACACCCTGGCCGAGT,BCR::ABL1-like
EPOR::IGH,EPOR,19:11378206,Exon 8,IGH@,14:106775162,IGHV,GCCCAGCCCAGAGGGAGCCTCTGCTGCCAGCTTTGAGTACACTATCCTGGACCCCAGCTCCCAGCTC*CCACTCCCCGCACAGTAATACACGGCCGTGTCCTCGGCTCTCAGGCTGTTCATTTGCAGATAGGTGATA,BCR::ABL1-like
IGH::EPOR,IGH@,14:105863865,IGHJ,EPOR,19:11385274 ,intergenic upstream EPOR,TGTCCTGTGCGAGGCAGCCAACGGCCACGCTGCTCGTATCCGACGGGGAATTCTCACAGGAGACGAGGGGGAAAAGGGTTGGGGCGGATGCACTCCCTGAGGAGACGGTGACCAGGGTTCCCTGGCCCCAGGGGTCGAACCAGAGCTC*CCTCGAGGACTATAGCATACACCAATCCGATTTCACCATGTTGGCCAGGCTGGTCTCAAACTCCTGACCTCAAGTGATTTGCCCACGTCGGCCTCCCAAAGTGCTGGGATTATAGGCGTGAGCCACCGGGCA,BCR::ABL1-like
EBF1::PDGFRB,EBF1,5:158707979,Exon 15,PDGFRB,5:150130662,Exon 9,CCACCTCCCACCTGCACCAGCACCAACGGGAACAGCCTGCAAG*TCCCTGTCCGAGTGCTGGAGCTAAGTGAGAGCCACCCTGACAG,BCR::ABL1-like
EBF1::PDGFRB,EBF1,5:158712154,Exon 14,PDGFRB,5:150130662,Exon 9,CCCACCTTCCTCAACGGCTCAGCTGCCAACTCCCCCTATGCCA*TCCCTGTCCGAGTGCTGGAGCTAAGTGAGAGCCACCCTGACAG,BCR::ABL1-like
BCR::ABL1,BCR,22:23182239,Exon 1,ABL1,9:130854064,Exon 2,ATCTGGCCCAACGATGGCGAGGGCGCCTTCCATGGAGACGCAG*AAGCCCTTCAGCGGCCAGTAGCATCTGACTTTGAGCCTCAGGG,BCR::ABL1 positiv
BCR::ABL1,BCR,22:23289621,Exon 13,ABL1,9:130854064,Exon 2,CTCCAGACTGTCCACAGCATTCCGCTGACCATCAATAAGGAAG*AAGCCCTTCAGCGGCCAGTAGCATCTGACTTTGAGCCTCAGGG,BCR::ABL1 positiv
BCR::ABL1,BCR,22:23290413,Exon 14,ABL1,9:130854064,Exon 2,AATGTCATCGTCCACTCAGCCACTGGATTTAAGCAGAGTTCAA*AAGCCCTTCAGCGGCCAGTAGCATCTGACTTTGAGCCTCAGGG,BCR::ABL1 positiv
EP300::ZNF384,EP300,22:41131633,Exon 6,ZNF384,12:6679525,Exon 3,TGCAAAGAACCAGCAGAATCAGCAGCCTGGGCAGTCTCCCCAAGGCATGCGGCCCATGAGCAACATGA*GTAGAATGGAAGAATCTCACTTCAATTCTAACCCGTACTTCTGGCCTTCTATCCCCAA,ZNF384
TAF15::ZNF384,TAF15,17:35822833,Exon 6,ZNF384,12:6679525,Exon 3,TCCTATCATTCACAAAGGGAAAACTACAGCCACCACACACAAG*GTAGAATGGAAGAATCTCACTTCAATTCTAACCCGTACTTCTG,ZNF384
EWSR1::ZNF384,EWSR1,22:29292606,Exon 11,ZNF384,12:6679525,Exon 3,AGATGATCTGGCAGACTTCTTTAAGCAGTGTGGGGTTGTTAAG*GTAGAATGGAAGAATCTCACTTCAATTCTAACCCGTACTTCTG,ZNF384
TCF3::PBX1,PBX1,1:164792493,Exon 3,TCF3,19:1619111,Exon 16,GGGCCTCGCAGGCAGCACCAGCCTCATGCACAACCACGCGGCCCTCCCCAGCCAGCCAGGCACCCTCCCTGACCTGTCTCGGCCTCCCGACTCCTACAGT*GTTTTGAGTATCCGAGGAGCCCAGGAGGAGGAACCCACAGACCCCCAGCTGATGCGGCTGGACAACATGCTGTTAGCGGAAGGCGTGGCGGGGCCTGAGAAGGGCGGAGGGTCGGCGGCAGCGGCGGCAGCGGCGGCGGCTTCTGGAGGGGCAGGTTCAGACA,TCF3::PBX1
TCF3::PBX1,PBX1,1:164792494,Exon 3,TCF3,19:1619111,Exon 16,CCAGCCAGGCACCCTCCCTGACCTGTCTCGGCCTCCCGACTCCTACAGTG*TTTTGAGTATCCGAGGAGCCCAGGAGGAGGAACCCACAGACCCCCAGCTG,TCF3::PBX1
UBTF::ATXN7L3,ATXN7L3,17:44198130,Exon 2,UBTF,17:44209352,Exon 17,GCAGCAAAAGCAGTACAAGGTGCACCTGGACCTCTGGGTTAAG*CCGTGTTGCCGCCCGCTGTGCTATGAGCAGTCAGAGCGCCGTC,CDX2/UBTF
ETV6::RUNX1,RUNX1,21:34892963,Exon 3,ETV6,12:11869969,Exon 5,TCCCCGCCTGAAGAGCACGCCATGCCCATTGGGAGAATAGCAG*AATGCATACTTGGAATGAATCCTTCTAGAGACGTCCACGATGC,ETV6::RUNX1
RUNX1::ETV6,ETV6,12:11884445,Exon 6,RUNX1,21:35048842,Exon 2,ATATTTGAGTCATTTCCTTCGTACCCACAGTGCTTCATGAGAG*ACTGTAGACTGCTTTGGGATTACGTCTATCAGTTGCTTTCTGA,ETV6::RUNX1
TCF3::HLF,HLF,17:1646297,Exon 4,TCF3,19:1619317,Exon 15,GCGGGGCGCTGGCCTCAGGTTTCACCGGCCCCATGTCACTGGGCGGGCGGCACGCAGGCCT*GGATGACAAGTACTGGGCAAGGCGCAGAAAGAACAACATGGCAGCCAAGCGCTCCCGCGACGCCCGGAGGCTGAAAGAGAACCAGATCGCCATCCGGGCCTCGTTCCTGGAGAAGGAA,HLF
TCF3::HLF,HLF,17:55320663,Exon 4,TCF3,19:1619781,Exon 14,TCGTCACAGTGGCCTCGAGCAGGAGCCCCCGGTGCCTTATCGCCCAGCTACGACGGGGGTCTCCACGGCCT*GGATGACAAGTACTGGGCAAGGCGCAGAAAGAACAACATGGCAGCCAAGCGCTCCCGCGACGCCCGGAGGCTGAAAA,HLF
TCF3::HLF,HLF,17:55320664,Exon 4,TCF3,19:1619780,Exon 14,GAGCCCCCGGTGCCTTATCGCCCAGCTACGACGGGGGTCTCCACGGCCTG*GATGACAAGTACTGGGCAAGGCGCAGAAAGAACAACATGGCAGCCAAGCG,HLF
KMT2A::AFF1,KMT2A,11:118484314,Exon 9,AFF1,4:87084120,Exon 5,AGCCAAGCTCACCAAACTGAAGATGCCTTCTCAGTCAGTTGAG*TTTGTGTATTGCCAAGTCTGTTGTGAGCCCTTCCACAAGTTTT,KMT2A
AFF1::KMT2A,KMT2A,11:118484183,Exon 9,AFF1,4:87047594,Exon 4,AGCCAAGCTCACCAAACTGAAGATGCCTTCTCAGTCAGTTGAG*GAAAAACCACCTCCGGTCAATAAGCAGGAGAATGCAGGCACTT,KMT2A
KMT2A::AFF1,AFF1,4:87094915,Exon 8,KMT2A,11:118482092,Exon 7,CCTAGTGAGCCCAAGAAAAAGCAGCCTCCACCACCAGAATCAG*AACAATATGATACATCTTCAAAAACTCACTCAAATTCTCAGCA,KMT2A
KMT2A::AFF1,AFF1,4:87084120,Exon 5,KMT2A,11:118482495,Exon 8,TCCCCGCCCAAGTATCCCTGTAAAACAAAAACCAAAAGAAAAG*CAGACCTACTCCAATGAAGTCCATTGTGTTGAAGAGATTCTGA,KMT2A
AFF1::KMT2A,KMT2A,11:118519618,Exon 32,AFF1,4:86948571,Exon 2,AAACAATGGCATTTACAGAAAGAGTCAACAGCAGTGGCAACAG*GTGTTAACGGTTTGAGGATGCTGGGGATTCTCCATGATGCAGT,KMT2A
KMT2A::AFF1,AFF1,4:87084123,Exon 5,KMT2A,11:118484314,Exon 9,AATTCCAGCAGATGGAGTCCACAGGATCAGAGTGGACTTTAAG*ACCTACTCCAATGAAGTCCATTGTGTTGAAGAGATTCTGAAGG,KMT2A
PAX5::FOXP1,FOXP1,3:71112637,Exon 7,PAX5,9:36966549,Exon 6,CTCAGACATCTTCACCACCACAGAGCCCATCAAGCCCGAGCAG*GCACTTCAGGTGGCAAGACAGCTCCTTCTTCAGCAGCAACAGC,PAX5alt
PAX5::FOXP1,FOXP1,3:71053773,Exon 8,PAX5,9:36966549,Exon 6,CTCAGACATCTTCACCACCACAGAGCCCATCAAGCCCGAGCAG*GTTCCCGTGTCAGTGGCTATGATGACACCTCAAGTTATCACTC,PAX5alt
IGH::CRLF2,CRLF2, X:1213558,intergenic upstream CRLF2,IGH@,14:105864248,IGHJ,TGCCGCTGTTGCCTCAGGGCATCCTCCTGAGCCCCCCAGGCTGCTCCGGGGCTCTCTTGGCAGGAGACCCAGCACCCTTATTTCCCCCCAAAAATGCAGCAAAACCCTTCAGAGTTAAAGCAGGAGAGAGGTTGTGAGGACTCACCTGAGGAGACGGTGACCAGGGTTCCCTGGCCCCA*GTACCGCTTGATCTATCCATCTATGCATGCATCCATCCACCCATCCACCTATGTATCTGTTCATCCATTTATCCATCCATCCACCCACCTATCCACACATCCTTTG,BCR::ABL1-like
IGH::CRLF2,CRLF2,X:1214860,intergenic upstream CRLF2,IGH@,14:105863251,IGHJ,TTTCCAGGAGAAAGTGATGGAGTCGGGAAGGAAGTCCTGTGCGAGGCAGCCAACGGCCACGCTGCTCGTATCCGACGGGGAATTCTCACAGGAGACGAGGGGGAAAAGGGTTGGGGCGGATGCACTCCCTGAGGAGACGGTGACCGTGGTCCCTTGGCCCCAGACGTCCATACCGTAGTAGT*CCCGGTCCTCTACAGTCTTAAACTGGGGCCCCATCTACCCAGCATATGCGACCATCACAGTGTTTGTGGTGTTACGAGGAGAAGGCCTACAAGCTTGAGTCCCTTGGTCTGGGAAGCTGC,BCR::ABL1-like
IGH::CRLF2,CRLF2,X:1228806,intergenic upstream CRLF2,IGH@,14:105863250,IGHJ,TTGCTCGTATCCGACGGGGAATTCTCACAGGAGACGAGGGGGAAAAGGGTTGGGGCGGATGCACTCCCTGAGGAGACGGTGACCGTGGTCCCTTTGCCCCAGACGTCCATGTAGTGCTAG*GGTCTCAAAAAAAAGAACTCTAATGTGAACTGTTATTGACTATTCTGTTCATAATATAT,BCR::ABL1-like
KMT2A::MLLT1,MLLT1,19:6270759,Exon 2,KMT2A,11:118482495,Exon 8,TCCCCGCCCAAGTATCCCTGTAAAACAAAAACCAAAAGAAAAG*TGCACCGTCCAGGTGAGGTTAGAGCTGGGGCATCGCGCCCAAC,KMT2A
P2RY8::CRLF2,CRLF2,X:1212636,Exon 1,P2RY8,X:1536921,Exon 1,GGAGACCCTCTGAGCTCTCACCTGCTACTTCTGCCGCTGCTTCTGCACAG*GCATGGGGCGGCTGGTTCTGCTGTGGGGAGCTGCCGTCTTTCTGCTGGGA,BCR::ABL1-like
IGH::CRLF2,CRLF2,X:1218832,intergenic upstream CRLF2,IGH@,14:105863257,IGHJ,TGTTGGGGCGGATGCACTCCCTGAGGAGACGGTGACCGTGGTCCCTTGGCCCCAGACGTCCATACCGTAGTAGTACGTCT*TATCTATCGCTCTATGTAGCTATGTATGTATCTATCTATCGCTCTATGTAGCTATGTATCTGTCTATATATCTAC,BCR::ABL1-like
EBF1::PDGFRB,PDGFRB,5:150126614,Exon 11,EBF1,5:158707979,Exon 15,CCACCTCCCACCTGCACCAGCACCAACGGGAACAGCCTGCAAG*CCTTGCCCTTTAAGGTGGTGGTGATCTCAGCCATCCTGGCCCT,BCR::ABL1-like
IGH::CRLF2,CRLF2,X:1213558,intergenic upstream CRLF2,IGH@,14:105863856,IGHJ,TGGGTGGTGAGGACTCACCTGAGGAGACGGTGACCAGGGTTCCCTGGCCCCAGGGGTCGAA*TACTATCCATCTATGCATGCATCCATCCACCCATCCACCTATGTATCTGTTCATCCATTTATCCATCC,BCR::ABL1-like
EPOR::IGH,IGH@,14:106359792,IGHV,EPOR,19:11378251,Exon 8,TCCCCGGAACCCGCCCAGTGAGGACCTCCCAGGGCCTGGTGGCAGTGTGGACATAGTGGCCATGGATGAAGGCTCAGAAGCATCCTCCTGCTCATCTGCTTTGGCCTCGAAGCCCAGCCCAGAGGGAGCCTCT*CTAACTTGGGCTCTCGCACAGTAATACACAGCCGTGTCCTCGGCTCTCAGGCTGTTCATTTGCAGATACAGCGTGTTCTTGGAATTGTCTCTGGAA,BCR::ABL1-like
IGH::EPOR,EPOR,19:11386644,intergenic upstream EPOR,IGH@,14:105891716,IGHJ,TGGGTGCTGCTGATGTCAGAGTTGTTCTTGTATTTCCAGGAGGAAGTGATGGAGTCGGGAAGGAAGTCCTGTGCGAGGCAGCCAACGGCCACGCTGCTCGTATCCGACGGGGAATTCTCACAGGAGACGAGGGGGAAAAGGGTTGGGGCGGATGCACTCCCTGAGGAGACGGTGACCAGGGTTCCCTGGAAGCTATGGGGCCCGGGGTTACCAGCCACTGCTCCA*ATTTATCGGCTTGAATCCAGGAGGCGAAGGCTGCAGTGAGCCAAGATTGTGCCATTGCACTCCAACATGGGCAACAGAGCAAGACG,BCR::ABL1-like
EBF1::PDGFRB,PDGFRB,5:150126614,Exon 11,EBF1,5:158712154,Exon 14,CCCACCTTCCTCAACGGCTCAGCTGCCAACTCCCCCTATGCCA*CCTTGCCCTTTAAGGTGGTGGTGATCTCAGCCATCCTGGCCCT,BCR::ABL1-like
PAX5::JAK2,JAK2,9:5081725,Exon 19,PAX5,9:37002648,Exon 5,ACGTCCCCCAGCGCCGACACCAACAAGCGCAAGAGAGACGAAG*ATTATGAACTATTAACAGAAAATGACATGTTACCAAATATGAG,BCR::ABL1-like
ABL1::SNX2,SNX2,5:122801869,Exon 4,ABL1,9:130855096,Exon 3,GAGGGTGTACCATTACAGGATCAACACTGCTTCTGATGGCAAG*ATTGAAGAAGAAGCAAATGGAGACATTTTTGACATAGAAATTG,BCR::ABL1-like
SNX2::ABL1,ABL1,9:130862763,Exon 4,SNX2,5:122799855,Exon 3,GAGTATGTCTGCTCCCGTGATCTTTGATAGATCCAGGGAAGAG*CTCTACGTCTCCTCCGAGAGCCGCTTCAACACCCTGGCCGAGT,BCR::ABL1-like
EPOR::IGH,IGH@,14:106775162,IGHV,EPOR,19:11378206,Exon 8,GCCCAGCCCAGAGGGAGCCTCTGCTGCCAGCTTTGAGTACACTATCCTGGACCCCAGCTCCCAGCTC*CCACTCCCCGCACAGTAATACACGGCCGTGTCCTCGGCTCTCAGGCTGTTCATTTGCAGATAGGTGATA,BCR::ABL1-like
IGH::EPOR,EPOR,19:11385274 ,intergenic upstream EPOR,IGH@,14:105863865,IGHJ,TGTCCTGTGCGAGGCAGCCAACGGCCACGCTGCTCGTATCCGACGGGGAATTCTCACAGGAGACGAGGGGGAAAAGGGTTGGGGCGGATGCACTCCCTGAGGAGACGGTGACCAGGGTTCCCTGGCCCCAGGGGTCGAACCAGAGCTC*CCTCGAGGACTATAGCATACACCAATCCGATTTCACCATGTTGGCCAGGCTGGTCTCAAACTCCTGACCTCAAGTGATTTGCCCACGTCGGCCTCCCAAAGTGCTGGGATTATAGGCGTGAGCCACCGGGCA,BCR::ABL1-like
EBF1::PDGFRB,PDGFRB,5:150130662,Exon 9,EBF1,5:158707979,Exon 15,CCACCTCCCACCTGCACCAGCACCAACGGGAACAGCCTGCAAG*TCCCTGTCCGAGTGCTGGAGCTAAGTGAGAGCCACCCTGACAG,BCR::ABL1-like
EBF1::PDGFRB,PDGFRB,5:150130662,Exon 9,EBF1,5:158712154,Exon 14,CCCACCTTCCTCAACGGCTCAGCTGCCAACTCCCCCTATGCCA*TCCCTGTCCGAGTGCTGGAGCTAAGTGAGAGCCACCCTGACAG,BCR::ABL1-like
BCR::ABL1,ABL1,9:130854064,Exon 2,BCR,22:23182239,Exon 1,ATCTGGCCCAACGATGGCGAGGGCGCCTTCCATGGAGACGCAG*AAGCCCTTCAGCGGCCAGTAGCATCTGACTTTGAGCCTCAGGG,BCR::ABL1 positiv
BCR::ABL1,ABL1,9:130854064,Exon 2,BCR,22:23289621,Exon 13,CTCCAGACTGTCCACAGCATTCCGCTGACCATCAATAAGGAAG*AAGCCCTTCAGCGGCCAGTAGCATCTGACTTTGAGCCTCAGGG,BCR::ABL1 positiv
BCR::ABL1,ABL1,9:130854064,Exon 2,BCR,22:23290413,Exon 14,AATGTCATCGTCCACTCAGCCACTGGATTTAAGCAGAGTTCAA*AAGCCCTTCAGCGGCCAGTAGCATCTGACTTTGAGCCTCAGGG,BCR::ABL1 positiv
EP300::ZNF384,ZNF384,12:6679525,Exon 3,EP300,22:41131633,Exon 6,TGCAAAGAACCAGCAGAATCAGCAGCCTGGGCAGTCTCCCCAAGGCATGCGGCCCATGAGCAACATGA*GTAGAATGGAAGAATCTCACTTCAATTCTAACCCGTACTTCTGGCCTTCTATCCCCAA,ZNF384
TAF15::ZNF384,ZNF384,12:6679525,Exon 3,TAF15,17:35822833,Exon 6,TCCTATCATTCACAAAGGGAAAACTACAGCCACCACACACAAG*GTAGAATGGAAGAATCTCACTTCAATTCTAACCCGTACTTCTG,ZNF384
EWSR1::ZNF384,ZNF384,12:6679525,Exon 3,EWSR1,22:29292606,Exon 11,AGATGATCTGGCAGACTTCTTTAAGCAGTGTGGGGTTGTTAAG*GTAGAATGGAAGAATCTCACTTCAATTCTAACCCGTACTTCTG,ZNF384
